,2D Animation and Games - CERT
,3D Mechanical Applications - CERT
,Account Clerk - CERT
,Accounting - AS
,Accounting - CA
,Acute Care Nurse Assistant - CERT
,Administration of Justice - AS
,Administration of Justice - CA
,Administration of Justice - AS-T
,Agricultural Business - AS
,Agriculture Business - AS
,Agriculture Business - CA
,Agriculture Business - AS-T
,Agriculture Plant Science - AS-T
,Agriculture Science - AS
,Agriculture and Natural Resources - AS
Christine Trolinger,Anthropology - AA-T
,Applied Computer Graphics: Production/Art Studio - AS
,Applied Computer Graphics: Production/Communication Design - AS
,Applied Computer Graphics: Technical/Art Studio - AS
,Applied Computer Graphics: Technical/Communication Design - AS
,Architectural Drafting and Modeling - CERT
,Art History - AA-T
,Arts - AA
,Automotive Technology - AS
,Automotive Technology - CA
,BASIC 32 - CERT
,Basic Computer Competency - CERT
,Basic Computer Competency - CERT
,Basic Computer Competency - CERT
,Basic Computer Competency - CERT
,Biological Science - AS
,Biology - AS-T
,Business Administration - AS
,Business Administration - AS-T
,Business Management - CA
,Business Management - AS
,Business on the Web - CERT
,Business on the Web - CERT
,Ceramics - AA
,Ceramics - CA
,Certified Nursing Assistant - CERT
,Chemistry - AS
,Child Development - AS
,Cisco Network Administration - CERT
,Civil Engineering Technology - CA
,Civil Engineering Technology - AS
,Clothing Construction - CERT
,Communication Studies - AA
,Communication Studies - AA-T
,Computer Applications - AS
,Computer Applications - CA
,Computer Applications - CERT
,Computer Networking - CA
,Computer Networking - AS
,Computer Programming - CA
,Computer Programming - AS
,Computer Science - AS
,Computer Science - AS-T
,Computer Support Technician - CERT
,Computer System Administration - CA
,Computer System Administration - AS
,Cosmetology - CA
,Cosmetology - AS
,Cosmetology to Barbering Crossover - CERT
,Court Personnel/Pre-law - AS
,Court Personnel/Pre-law - CA
,Criminal Justice - AS
,Drafting and CAD Technology - CA
,Drafting and CAD Technology - AS
,EMT - Paramedic - AS
,Early Childhood Education - AS
,Early Childhood Education - CA
,Early Childhood Education - AS-T
,Early Childhood Education - CERT
,Ecological Restoration - CERT
,Economics - AA-T
,Elementary Teacher Education - AA-T
,Emergency Medical Responder (EMR) - CERT
,Emergency Medical Technician - CERT
,Emergency Medical Technician/Paramedic - CA
,Engineering - AS
,English - AA-T
,Environmental Horticulture - AS
,Environmental Horticulture - CA
,Environmental Science - AS
,Esthetician - CERT
,Fashion Design - CERT
,Fashion Merchandising - AS
,Fashion Merchandising - CA
,Fire Technology - CA
,Fire Technology - AS
,Firefighter I Academy - CA
,General Physical Education - AA
,Geographic Information Systems - CERT
Christine Trolinger,Geography - AA-T
,Geology - AS-T
,Graphic Design - AA
,Graphic Design for Print - AS
,Heavy Equipment Operator Technician - CA
Christine Trolinger,History - AA-T
,Home Health Aide - CERT
,Honors - CA
,Human Resources - CERT
,Journalism - AA-T
,Kinesiology - AA-T
,Landscape/Turfgrass Technician - CA
,Language Arts - AA
,Law Enforcement Academy - Basic - AS
,Law Enforcement Academy-Basic - CA
,Law Enforcement Academy - Basic/Fish and Game Emphasis - CA
,Law Enforcement Academy - Basic/Fish and Game Emphasis - AS
,Leadership and Civic Engagement - CERT
,Legal Office Administration - CA
,Legal Office Administration - CERT
,Legal Office Administration - AS
,Liberal Studies - AA
,Licensed Vocational Nursing - CA
,Licensed Vocational Nursing - AS
,Manicuring - CERT
,Marketing - CA
,Marketing - AS
,Mass Media Studies - CERT
,Mathematics - AS-T
,Mathematics - AS
,Mechanized Agriculture - AS
,Mechanized Agriculture - CA
,Medical Office Administration - CA
,Medical Office Administration - AS
,Medical Office Administration - CERT
,Microsoft Server Administration - CERT
,Multimedia Studies - CA
,Multimedia Studies - AS
,Music - AA-T
,Natural Resources Management - AS
,Noncredit Certificate of Competency in ESL - Noncredit Certificate
,Noncredit Certificate of Completion in Occupational and Life Skills - Noncredit Certificate
,Noncredit Certificate of Completion in VESL - Noncredit Certificate
,Nursery Technician - CA
,Nutrition and Food Sciences - AS
,Office Administration - AS
,Office Administration - CA
,Office Administration - CERT
,Parks and Recreation - CERT
,Peace and Global Studies - CA
,Peace and Global Studies - CERT
,Photography - AS
,Physical Science - AS
,Physics - AS-T
,Physics - AS
,Plant Protection - CA
Christine Trolinger,Political Science - AA-T
,PowerPathway Gas Pipeline Welding - CERT
,Professional Photography - CERT
,Psychology - AA-T
,Radio-TV-Film: Video Production - AS
,Radio-TV-Film: Video Production - CA
,Real Estate - AS
,Real Estate - CA
,Real Estate Appraisal - CERT
,Real Estate Sales - CERT
,Recording Arts - CA
,Recording Arts - AA
,Recording Arts for Musicians - CERT
,Registered Nursing - AS
,Registered Nursing: LVN to ADN - AS
,Registered Nursing: LVN to ADN - CA
,Respiratory Care - CA
,Respiratory Care - AS
,Retail Management - AS
,Retail Management - CA
,Single Camera Video Production - CERT
,Small Business/Entrepreneurship - AS
,Small Business Institute - CERT
,Social and Behavioral Science - AA
,Sociology - AA-T
,Studio Arts - AA-T
,Sustainability Studies - CERT
,Tax Preparer - CERT
,Theatre Arts - AA-T
,Theatre Arts - CERT
,University Studies: Business - AA
,University Studies: Diversity Studies - AA
,University Studies: Humanities - AA
,University Studies: Social Science - AA
,Welding Technology - CA
,Welding Technology - AS
,Welding Technology Level I - CERT
,Welding Technology Level II - CERT
,Welding Technology Level III - CERT
,Wildlife Technician - CERT